Song Title,Artist,Album,BPM,Key,Aggression,Happiness,Soul,Chaos,Chill,Danceability,Singability,Intimate,Vibe
CODE MISTAKE,Bring Me The Horizon,Single,145,C Minor,10,1,2,8,0,6,7,0,60
DAYWALKER!,CORPSE,Single,178,G Major,10,2,0,7,0,5,6,0,58
COWBELL WARRIOR!,Sxmpra,Single,167,D Major,9,6,2,8,2,0,4,0,57
The Comedown,Bring Me The Horizon,Suicide Season,206,Bb Minor,8,4,5,9,0,2,4,1,56
Pisces,Jinjer,King of Everything,140,A Minor,7,6,8,4,7,1,6,2,54
Sleep with One Eye Open,Bring Me The Horizon,Suicide Season,120,Ab Major,8,4,3,7,2,1,2,1,53
"Dear Diary,",Bring Me The Horizon,POST HUMAN: SURVIVAL HORROR,118,G Major,8,3,3,8,2,4,5,0,50
Visions,Bring Me The Horizon,"There Is A Hell Believe Me I've Seen It, There Is A Heaven Let's Keep It A Secret",220,Bb Minor,8,2,8,7,2,6,5,0,49
No Face,Arankai,NO FACE,92,C# Major,8,2,1,7,1,6,2,0,49
Phenomenal,Eminem,Single,121,C# Minor,8,5,7,4,5,1,8,0,49
Home Sweet Hole,Bring Me The Horizon,"There Is A Hell Believe Me I've Seen It, There Is A Heaven Let's Keep It A Secret",173,Bb Minor,8,3,6,9,0,1,3,0,48
.SALT. (Live in Kansas City),Dead Poet Society,.!.,75,G Major,7,5,5,4,6,4,5,2,48
Heartbeat,Childish Gambino,Camp,120,C# Minor,8,2,7,8,4,8,7,2,47
Crucify Me,Bring Me The Horizon,"There Is A Hell Believe Me I've Seen It, There Is A Heaven Let's Keep It A Secret",101,Ab Major,7,5,8,7,6,2,6,1,46
why you gotta kick me when i'm down?,Bring Me The Horizon,Amo,132,Bb Minor,8,1,5,5,3,4,6,2,46
Flip,Glass Animals,ZABA,128,B Minor,6,6,8,7,3,2,8,6,45
Kill You,Eminem,Marshall Mathers LP,107,B Minor,7,6,1,6,6,0,6,0,44
Only,Nine Inch Nails,With Teeth,112,A Minor,7,6,5,7,4,1,7,1,43
Fuck,Bring Me The Horizon,"There Is A Hell Believe Me I've Seen It, There Is A Heaven Let's Keep It A Secret",124,C Minor,8,5,7,7,2,2,4,0,43
euphoria,Kendrick Lamar,Single,140,C# Major,8,6,6,6,0,7,10,0,42
Unholy,Sam Smith,Single,131,D Major,7,6,4,0,6,7,5,7,42
The World Ender,Lord Huron,Strange Trails,157,G Minor,8,7,5,9,5,6,7,0,41
top gun,bbno$,Single,160,D Major,6,5,2,8,2,3,3,1,41
White Wine Red Lies,Hairu Tokyo,Red Wine and White Lies,163,B Minor,7,6,3,7,4,7,6,0,40
sugar honey ice & tea,Bring Me The Horizon,amo,147,C Minor,6,5,6,7,6,2,6,1,40
The Sadness Will Never End,Bring Me The Horizon,Suicide Season,204,Ab Minor,5,6,8,6,3,0,2,1,40
Across the Spider-Verse (Intro),Daniel Pemberton,Single,135,D Major,7,6,6,6,6,2,0,0,40
Alright,Kendrick Lamar,To Pimp A Butterfly,110,G Major,6,7,4,5,2,10,10,2,40
Thunderstruck,ACDC,The Razors Edge,134,E Major,7,7,6,6,2,2,8,0,39
I'd Rather Die Than Be Famous,Pierce The Veil,A Flair For The Dramatic,156,Bb Minor,7,7,7,9,2,1,5,1,38
Kingslayer,Bring Me The Horizon,POST HUMAN: SURVIVAL HORROR,180,C# Major,6,6,0,10,0,7,4,1,37
PINEAPPLE UPSIDE DOWN (feat. ethan is online),QUEEF JERKY,QUEEF UNDERGROUND,124,Bb Minor,5,7,4,8,3,4,6,0,37
Fast Times at Clairemont High,Pierce The Veil,Selfish Machines,93,F# Minor,6,5,6,7,4,5,5,1,37
Suspended In This Disaster,Dance Gavin Dance,Artificial Selection,122,G Minor,5,7,5,6,5,2,3,1,37
.CoDA. (Stripped),Dead Poet Society,.!.,114,G Minor,7,5,8,3,7,1,8,1,37
Call Me What You Like,Lovejoy,Wake Up & It's Over,152,C Minor,7,8,8,7,6,3,7,0,36
Major System Error,Marmozets,Knowing What You Know Now,174,F Major,6,7,3,9,2,7,4,1,35
Master Of Puppets (Remastered),Metallica,Master of Puppets,105,E Minor,7,7,6,7,6,0,7,0,35
PRETTYBOY!,Vana,DIE FOR ME!,144,B Minor,6,5,2,6,2,0,1,6,35
"Harder, Better, Faster, Stronger",Daft Punk,Discovery,123,F# Minor,0,6,5,6,4,7,3,0,35
I.Crawl,Childish Gambino,Because The Internet,67,F# Major,7,6,2,5,3,4,5,1,35
Let You Down,Seether,Poison the Parish,84,D Major,6,5,5,3,7,2,6,3,35
t r a n s p a r e n t s o u l,WILLOW,lately I feel EVERYTHING,180,B Minor,6,8,5,9,2,7,6,1,34
Bulls In The Bronx,Pierce The Veil,Collide With The Sky,160,F# Minor,3,7,6,8,4,3,5,1,34
The Sky Under The Sea,Pierce The Veil,Selfish Machines,170,Eb Minor,6,6,7,7,3,3,6,2,34
Rock Solid,Dance Gavin Dance,Dance Gavin Dance,146,G Major,7,7,7,7,2,1,6,0,34
Pop The Balloon,Nothing But Thieves,Dead Club City,100,F# Major,7,5,3,7,3,5,4,1,34
Kickstart My Heart,Motley Crue,Dr. Feelgood,179,G Minor,2,8,4,7,4,6,7,2,34
White Lie (feat. Kellin Quinn),Ambiverse,White Lie,72,E Minor,5,5,2,6,6,7,5,0,34
Besitos,Pierce The Veil,Selfish Machines,150,F# Minor,7,6,4,6,4,2,6,2,34
in the dark,Bring Me The Horizon,amo,76,F# Minor,6,5,6,3,7,2,6,1,34
セックス大好き,Pink Guy,Pink Season,180,A Major,6,7,0,8,4,6,7,0,33
Today I Saw The Whole World,Pierce The Veil,Misadventures,138,Eb Minor,5,5,4,6,6,2,6,1,32
Out Of The Black,Royal Blood,Royal Blood,159,D Major,8,7,5,6,5,7,7,1,32
Midnight Crusade,Dance Gavin Dance,Artificial Selection,196,B Major,3,6,6,6,7,1,2,1,32
I hope you hate me.,Dead Poet Society,FISSION,130,F# Minor,8,7,4,6,4,7,6,1,32
wonderful life,Bring Me The Horizon,amo,78,F# Major,7,6,6,5,5,2,7,2,32
Careless Whisper,Seether,Finding Beauty in Negative Spaces,134,D Major,5,7,7,2,5,8,8,6,32
Secret of Life,Lord Huron,Vide Noir,162,B Minor,3,7,6,9,7,6,7,2,31
Obey,Bring Me The Horizon,POST HUMAN: SURVIVAL HORROR,137,C# Minor,4,6,2,7,4,4,6,2,31
The Divine Zero,Pierce The Veil,Misadventures,136,C# Minor,6,6,7,6,4,2,7,2,31
Bad (2012 Remaster),Michael Jackson,Bad,114,Ab Major,2,7,4,6,8,8,6,1,31
Take A Slice,Glass Animals,How To Be A Human Being,76,A Major,2,7,7,5,8,7,6,7,31
Uneasy Hearts Weigh The Most (Tree City Sessions),Dance Gavin Dance,Single,170,F# Minor,7,9,8,10,6,4,7,3,30
"Well, Everybody's Fucking In A U.F.O.",Rob Zombie,The Electric Warlock Acid Witch Satanic Orgy Celebration Dispenser,116,D Major,5,9,1,7,3,8,8,0,30
Hello,Eminem,Relapse,96,Bb Minor,7,7,4,7,6,0,6,1,30
Throne,Bring Me The Horizon,That's The Spirit,144,C Minor,6,6,8,6,6,6,7,2,30
let em know,bbno$,bag or die,95,C Major,6,6,7,5,5,4,7,0,30
I Thought About Killing You,Kanye West,ye,116,D Major,7,7,9,4,6,0,8,0,30
The Bottom 2,Glorb,Single,155,C# Major,7,9,2,8,6,3,8,0,29
Portrait of a Blank Slate,Lovejoy,Wake Up & It's Over,160,Ab Minor,7,7,7,7,6,7,7,2,29
Running In Circles,Dead Poet Society,FISSION,142,Eb Major,6,6,7,6,7,7,6,3,29
MANTRA,Bring Me The Horizon,amo,90,C Major,5,6,6,6,6,3,6,1,29
chromeo,Cleopatrick,"""14""",130,C# Major,3,6,4,6,3,8,6,2,29
Not Like Us,Kendrick Lamar,Single,101,C# Major,7,5,2,5,5,10,10,0,29
Little Monster,Royal Blood,Royal Blood,96,F Major,6,7,7,3,6,2,7,8,29
One Piece at a Time,Johnny Cash,One Piece at a Time,103,F Major,0,8,5,0,8,6,8,0,29
EMINEM TYPE FEET (feat. ethan is online),QUEEF JERKY,QUEEF UNDERGROUND,160,G Major,2,7,2,9,2,4,5,0,28
Boys Like U,ZAND,Single,119,Bb Minor,7,5,2,6,6,7,5,7,28
Song For Isabelle,Pierce The Veil,Misadventures,131,C Minor,1,8,8,5,6,2,7,1,28
Enter Sandman,Metallica,Metallica,123,F# Minor,7,9,3,5,4,2,7,0,28
Money Trees,Kendrick Lamar,"good kid, m.A.A.d. city",72,G Major,6,7,7,4,8,6,7,2,28
YOUtopia,Bring Me The Horizon,POST HUMAN: NeX Gen,90,A Major,3,7,5,7,6,8,5,1,27
Care,Dance Gavin Dance,Artificial Selection,157,F# Minor,1,8,7,7,7,7,6,2,27
Welcome to the DCC,Nothing But Thieves,Dead Club City,121,A Minor,2,7,5,6,6,7,6,2,27
Applause,Lady Gaga,Applause,140,G Minor,3,6,7,6,6,7,6,1,27
Genesis,Polyphia,Remember That You Will Die,90,C Major,3,6,7,5,6,2,0,1,27
Peaches,Jack Black,Single,92,Bb Minor,2,8,1,3,6,5,9,0,27
I Wonder,Kanye West,Graduation,95,C Major,3,8,8,3,8,3,7,1,27
We (feat. CeeLo Green),Mac Miller,The Divine Feminine,139,Eb Minor,2,8,7,1,9,5,6,9,27
MISS THE RAGE,Mario Judah,Single,78,Ab Major,6,8,9,9,7,3,0,0,26
THE WORLD IS ENDING,Lil Darkie,Single,177,B Major,3,6,7,8,6,2,6,2,26
The Cheap Bouquet,Pierce The Veil,A Flair For The Dramatic,170,C Minor,5,8,7,8,2,1,6,1,26
This Is War,Thirty Seconds To Mars,This Is War,160,F# Major,7,8,8,7,3,2,7,1,26
heavy metal,Bring Me The Horizon,amo,130,G Major,7,5,6,7,6,2,6,2,26
MILLION DOLLAR BABY,Tommy Richman,Single,138,C# Minor,4,9,3,6,8,3,7,0,26
LIKE TOTALLY FREAK ME OUT,Jakey,ROMCOM,112,E Minor,6,7,6,6,7,4,7,1,26
Drawing Pins,Nothing But Thieves,Nothing But Thieves,113,G Major,5,9,6,6,8,6,6,1,26
5:29:45,Dead Poet Society,FISSION,81,E Major,6,7,3,6,7,6,6,2,26
Feel So Close (Radio Edit),Calvin Harris,Calvin Harris,128,G Major,0,8,5,3,8,8,7,2,26
Broken Machine,Nothing But Thieves,Broken Machines,86,F Minor,6,6,6,3,8,5,7,1,26
Scum,Lovejoy,Wake Up & It's Over,88,C# Major,3,8,6,2,9,5,7,3,26
Floral & Fading,Pierce The Veil,Misadventures,100,D Major,2,8,7,2,8,4,7,5,26
Bohemian Rhapsody (Remastered 2011),Queen,Single,144,C Minor,4,7,9,0,8,3,10,2,26
Annihilate (Spider-Man: Across the Spider-Verse),Metro Boomin,Single,146,B Minor,6,7,8,6,5,1,5,0,25
Runaway (U & I),Galantis,Pharmacy,126,C# Major,0,8,6,5,6,8,0,0,25
All Falls Apart,Polyphia,Remember That You Will Die,120,D Major,5,7,7,3,7,1,0,2,25
New Again,Kanye West,Donda,91,F# Minor,4,8,8,2,8,4,7,3,25
Too Sweet,Hozier,Unheard,117,Bb Major,4,8,6,0,8,0,7,3,25
Oblivion,Grimes,Visions,156,D Major,5,7,7,6,8,7,5,1,24
shining on my ex,bbno$,Single,89,E Minor,4,7,2,4,4,8,5,0,24
Gold Medal Ribbon,Pierce The Veil,Misadventures,101,C# Major,2,7,6,4,7,5,6,3,24
Dangerous (feat. Joywave),Big Data,2,103,C Major,5,6,5,4,7,7,6,2,24
Jeremy,Pearl Jam,Ten,109,D Major,5,10,8,3,6,3,10,2,24
Drown,Bring Me The Horizon,That's The Spirit,142,C# Minor,1,8,7,3,8,2,6,3,24
A Rose Blooms in Chaos,Davishmar,Single,100,Eb Minor,1,6,8,3,8,4,0,3,24
Warsaw,Lovejoy,Wake Up & It's Over,180,F# Major,4,7,5,7,7,7,6,2,23
Feel Good Inc.,Gorillaz,Demon Days,139,F# Major,6,7,6,7,6,7,8,1,23
Perfume,Lovejoy,Pebble Brain,122,Ab Major,3,8,6,6,7,8,7,4,23
Paradise,Coldplay,Mylo Xyloto,70,F Major,0,2,7,6,8,3,7,3,23
Lithium,Nirvana,Nevermind,123,G Major,1,9,4,6,7,8,8,2,23
Circles,Pierce The Veil,Misadventures,162,D Major,2,9,6,6,7,2,6,2,23
Oops!... I Did It Again,Britney Spears,Oops!... I Did It Again,95,C# Minor,3,5,1,3,6,7,7,1,23
edamame,bbno$,Single,106,E Minor,5,7,2,6,3,9,7,0,22
Airport Taxi Reception,Sondre Lerche,Single,146,Eb Major,3,7,6,6,7,1,5,2,22
Not Dead Yet,Jakey,Single,124,A Major,3,10,9,3,8,2,9,1,22
Wait a Minute!,WILLOW,Single,101,Eb Minor,3,8,3,2,8,6,5,2,22
Head over Feet,Alanis Morissette,The Collection,80,C Major,1,8,5,2,7,2,6,2,22
She Sings in the Morning,Pierce The Veil,A Flair For The Dramatic,180,F# Minor,7,6,8,8,2,2,3,2,21
LUNCH,Billie Eilish,HIT ME HARD AND SOFT,125,B Minor,5,7,2,5,3,7,5,5,21
Find Out,Khai Dreams,Find Out,145,G Major,0,8,6,5,7,5,4,4,21
PINE BARRENS,Jakey,ROMCOM,94,D Major,6,9,10,2,7,4,10,2,21
3 Nights,Dominic Fike,"Don't Forget About Me, Demos",152,G Minor,0,10,7,8,6,10,10,1,20
Social Cues,Cage The Elephant,Social Cues,132,A Major,3,7,7,6,7,6,6,3,20
Doses & Mimosas,Cherub,MoM & DaD,115,F Major,5,9,6,6,5,10,10,3,20
Bros,Wolf Alice,My Love is Cool,126,E Major,0,10,8,6,8,5,7,0,20
The Spins,Mac Miller,K.I.D.S,127,A Minor,1,10,7,5,6,10,10,0,20
Toes,Glass Animals,ZABA,73,C# Minor,0,7,5,3,7,4,7,10,20
Follow You,Bring Me The Horizon,That's The Spirit,90,Eb Minor,1,8,7,3,9,3,7,4,20
Sunflower (Spider-Man: Into the Spider-Verse),Post Malone,Hollywood's Bleeding,90,D Major,0,10,8,2,9,7,10,2,20
REEBOKS OR THE NIKES,Jakey,ROMCOM,80,G Major,0,10,9,2,9,4,7,4,20
Real Love Song,Nothing But Thieves,Moral Panic,120,F Major,0,10,6,2,10,8,8,8,20
mother tongue,Bring Me The Horizon,amo,107,F# Minor,1,8,6,2,7,2,7,5,20
Hide (CS01 Version),Dorian Concept,Single,99,F# Minor,0,6,8,2,6,0,0,0,20
Boyz-N-The-Hood (Remix),Eazy-E,Eazy-Duz-It,88,Eb Major,6,7,5,2,7,8,6,0,20
Dead Man's Hand,Lord Huron,Strange Trails,119,E Major,0,10,8,1,10,5,8,1,20
Homemade Dynamite (Remix),Lorde,Single,107,C Minor,4,9,8,0,10,4,8,6,20
Particles,Nothing But Thieves,Broken Machines,154,B Minor,2,8,8,7,6,2,8,2,19
Black Madonna,Cage The Elephant,Social Cues,110,E Minor,1,6,7,7,8,6,6,5,19
Bedless,Pierce The Veil,Misadventures,132,C# Major,1,10,8,6,7,2,6,2,19
1901,Phoenix,Wolfgang Amadeus Phoenix,144,C Major,2,8,6,6,7,7,6,2,19
moved along,wilt,moved along,122,F# Major,3,7,6,5,8,6,6,5,19
Lucerne,Richy Mitch and the Coal Miners,RMCM,97,B Major,0,9,8,0,8,3,6,4,19
The New National Anthem,Pierce The Veil,Selfish Machines,155,C Minor,0,8,8,6,4,2,7,3,18
Midnight Sky,Miley Cyrus,Plastic Hearts,110,E Minor,2,8,7,6,7,6,6,4,18
Shelf Life,Dance Gavin Dance,Artificial Selection,141,G Minor,2,6,6,5,7,2,6,2,18
Closer,The Chainsmokers,Collage,95,Ab Major,1,9,7,4,8,5,7,2,18
When He Sees Me,Sara Barielles,Waitress,120,Eb Major,3,5,5,3,6,0,10,0,18
The Jaws Of Life,Pierce The Veil,Jaws Of Life,91,Eb Major,2,8,7,2,8,4,6,2,18
EVERY DAY,Jakey,ROMCOM,70,A Major,0,8,7,2,8,2,8,1,18
Highway Patrol Stun Gun,Youth Lagoon,Savage Hills Ballroom,134,C# Major,2,3,8,0,8,4,5,1,18
Dandelion,Daughter,Stereo Mind Game,158,B Minor,3,8,8,9,7,3,6,4,17
TOMMY HANKS,Jakey,ROMCOM,88,F Major,0,9,6,7,7,2,6,4,17
Sunny,Bobby Hebb,Sunny,128,E Minor,0,8,6,6,7,7,6,5,17
Breezeblocks,alt-J,An Awesome Wave,150,F Major,1,8,6,6,7,2,2,6,17
Somebody That I Used To Know,Gotye,Making Mirrors,129,C Major,6,7,8,4,7,2,9,1,17
Gooey,Glass Animals,ZABA,91,B Minor,2,8,7,4,9,2,7,7,17
Clarity,Zedd,Clarity,128,Ab Minor,3,5,7,3,4,6,10,1,17
239,BabyJake,Single,160,A Minor,2,6,2,3,6,7,4,1,17
Mr. Rager,Kid Cudi,Man On The Moon II,102,G Major,0,7,8,2,10,0,9,4,17
Heartbeats,The Knife,Deep Cuts,88,Ab Major,2,9,7,1,8,6,6,2,17
Think Fast,Dominic Fike,Sunburn,84,D Major,1,8,8,0,8,3,7,8,17
Me If I Were,DJ Zeka,Single,128,A Major,0,7,8,0,9,4,0,4,17
Congratulations (feat. Bilal),Mac Miller,The Divine Feminine,58,E Minor,0,9,9,0,8,6,6,8,17
Satellite,Will Paquin,Single,176,C# Minor,1,8,8,7,7,6,6,6,16
Phantom Power And Ludicrous Speed,Pierce The Veil,Misadventures,156,F# Minor,4,7,7,7,3,2,4,2,16
Sambuka,Pierce The Veil,Misadventures,173,G Major,5,6,5,6,7,2,5,1,16
Pork Soda,Glass Animals,How To Be A Human Being,96,G Major,3,7,7,3,9,7,6,3,16
Honey Whiskey,Nothing But Thieves,Nothing But Thieves,90,C# Major,2,6,7,1,9,3,7,7,16
Texas Is Forever,Pierce The Veil,Misadventures,114,C# Minor,7,6,6,7,3,3,7,2,15
DOGTOOTH,"Tyler, The Creator",CALL ME IF YOU GET LOST,156,Ab Major,3,7,5,4,8,2,4,4,15
Unglued,Big Data,Single,147,G Major,1,7,5,3,7,7,5,2,15
Kissing in Cars,Pierce The Veil,Selfish Machines,113,D Major,0,7,7,2,7,6,7,8,15
Losing Face,Wilbur,Your City Gave Me Asthma,166,Eb Major,7,5,7,8,5,2,8,1,14
Yeah Boy and Doll Face,Pierce The Veil,A Flair For The Dramatic,107,E Major,3,6,7,6,7,1,6,2,14
"So Alright, Cool, Whatever",The Happy Fits,Concentrate,130,C Major,3,7,3,5,7,7,6,1,14
medicine,Bring Me The Horizon,amo,97,C Major,2,6,6,5,8,2,6,1,14
whoa (mind in awe),XXXTentacion,SKINS,80,F# Minor,1,8,8,3,8,2,2,6,14
Night Running,Cage The Elephant,Social Cues,72,E Minor,0,6,6,6,7,0,6,1,13
Props & Mayhem,Pierce The Veil,Collide With The Sky,127,E Minor,2,7,4,5,7,1,5,2,13
Stained Glass Eyes And Colorful Tears,Pierce The Veil,Collide With The Sky,156,D Major,3,7,7,4,7,5,7,4,13
Hold On Till May,Pierce The Veil,Collide With The Sky,174,Eb Major,1,9,9,3,7,2,9,3,13
Cardiac Arrest,Bad Suns,Language and Perspective,94,C# Major,1,9,6,2,9,4,7,2,13
The Legend Of Zelda: Ocarina Of Time: Title Theme,Nintendo,Ocarina Of Time,78,C Major,0,9,9,0,10,0,0,0,13
Rhinestone Eyes,Gorillaz,Plastic Beach,93,Ab Minor,2,7,6,5,8,7,6,1,12
Youth,Daughter,Wild Youth,151,C Major,3,8,7,6,8,3,7,2,11
She's Not You,Elvis Presley,Elvis' Golden Records,115,F Major,0,4,5,0,6,3,5,1,11
Fine Line,Harry Styles,Fine Line,121,D Major,1,1,8,0,8,5,6,7,11
End of It,Friday Pilots Club,End of It,101,E Minor,5,5,3,5,5,6,6,4,10
Memory Overwrite,Provoker,Body Jumper,119,F# Minor,1,7,6,3,8,2,5,3,10
Anchor,Novo Amor,Bathing Beach,117,A Major,0,1,7,0,8,0,4,2,10
Diamonds Aren't Forever,Bring Me The Horizon,Suicide Season,152,F# Major,7,5,5,6,2,2,1,1,9
It's Called: Freefall,Rainbow Kitten Surprise,"How to: Friend, Love, Freefall",98,D Major,2,7,8,4,9,4,7,6,9
Easy,Daisy The Great,All You Need Is Time,106,Bb Major,2,6,7,3,8,4,6,3,9
What's the Matter,Milo Greene,Milo Greene,126,B Minor,0,6,9,2,7,2,6,5,9
4runner,Brenn!,County Line,128,C# Major,2,7,7,6,8,2,6,1,8
Devil Like Me,Rainbow Kitten Surprise,Seven + Mary,123,D Major,0,6,8,2,9,4,7,6,8
Life In Monochrome,Various Artists,New Wave,108,E Major,0,7,6,0,10,2,8,3,8
Count Me Out,Kendrick Lamar,Mr. Morale and the Big Steppers,134,E Minor,4,6,10,4,1,1,10,1,7
SWEET / I THOUGHT YOU WANTED TO DANCE,"Tyler, The Creator",CALL ME IF YOU GET LOST,140,C Major,5,8,5,3,8,7,6,4,7
I Belong To You,Lenny Kravitz,5,87,F Minor,1,7,6,3,8,6,7,5,7
Alive (Nightmare),Kid Cudi,Man On The Moon,102,F# Minor,4,4,8,2,8,4,7,5,7
Subwoofer Lullaby,C418,Minecraft: Volume Alpha,74,C Major,0,7,5,0,10,0,0,0,7
Bulletproof Love,Pierce The Veil,Selfish Machines,144,F# Major,7,5,6,6,5,3,6,1,6
Million Dollar Houses (The Painter),Pierce The Veil,Selfish Machines,114,D Minor,5,6,8,5,7,2,7,2,6
pretend im not breathing,vivivivivivi,IN MY HEAD,101,C Major,0,4,7,2,8,0,0,3,6
Sunk,bloomheart,Single,86,C Major,0,6,8,0,8,3,6,8,6
BITTERSUITE,Billie Eilish,HIT ME HARD AND SOFT,125,A Minor,5,7,7,7,6,6,4,2,5
Over Now,Post Malone,Beerbongs and Bentleys,164,E Minor,7,6,6,3,7,5,7,0,5
The Balcony Scene,Pierce The Veil,A Flair For The Dramatic,167,A Minor,0,7,8,2,8,2,6,4,5
Getting Older,Billie Eilish,Happier Than Ever,160,Bb Major,0,5,7,2,9,1,7,1,5
Crown,Kendrick Lamar,Mr. Morale and the Big Steppers,86,C# Minor,0,5,8,0,9,0,6,4,5
Life Itself,Glass Animals,How To Be A Human Being,112,C# Major,4,6,6,5,7,8,7,3,4
Rosyln,Bon Iver,Single,160,Bb Minor,0,6,8,3,8,0,6,8,4
Stay2,Post Malone,Beerbongs and Bentleys,86,F Major,0,3,9,0,9,1,9,7,4
High Hopes (feat. Omar Apollo),Joji,Nectar,75,C# Minor,5,6,5,2,9,6,7,8,3
Come Over,Matt Watson,OUCH!,180,G Major,1,5,5,2,8,3,5,5,3
It All Fades Away,The Bridges of Madison County,The Bridges of Madison County,61,D Major,0,6,8,0,7,1,8,0,3
Saturday,Michigander,Everything Will Be Ok Eventually,154,B Minor,2,7,7,3,7,7,5,2,2
hotline (edit),Billie Eilish,Single,104,A Minor,1,6,6,3,7,0,2,4,2
Headlights,Eminem,The Marshall Mathers LP II,146,B Major,4,4,8,2,7,1,7,0,2
Truce,Twenty One Pilots,Vessel,120,G Major,0,3,8,0,9,1,7,6,1
Genesis,Grimes,Visions,166,Bb Minor,5,6,4,7,4,6,6,0,0
±ªþ³§,Bring Me The Horizon,Music To Dance To…,138,Bb Minor,5,5,8,7,3,3,3,1,0
Wonderless,Pierce The Veil,A Flair For The Dramatic,82,A Major,0,3,9,3,8,8,9,7,0
Stay Away from My Friends,Pierce The Veil,Selfish Machines,77,A Major,0,3,8,3,7,7,8,8,0
Oh No,Bring Me The Horizon,That's The Spirit,115,C Major,4,6,6,2,7,2,6,1,0
i love you,Billie Eilish,When We All Fall Asleep Where Do We Go?,137,C Major,0,2,8,2,8,0,7,9,0
Everything,Ben Howard,Every Kingdom,141,Eb Major,0,6,7,2,7,0,7,3,0
I Get By,Everlast,Songs of the Ungrateful Living,84,F Minor,3,2,5,2,7,1,4,0,-1
Unwell,Matchbox 20,More Than You Think You Are,81,F# Minor,0,3,8,0,7,2,7,4,-1
High Enough,K. Flay,Every Where Is Some Where,89,C Major,5,5,5,3,7,5,5,9,-2
Disasterology,Pierce The Veil,Selfish Machines,160,Ab Minor,6,2,8,8,4,2,6,1,-3
Polish Girl,Neon Indian,Era Extraña,112,A Minor,3,3,7,3,8,6,5,6,-3
Black Out Days,Phantogram,Voices,92,E Minor,3,4,8,3,9,3,7,7,-3
hostage,Billie Eilish,don't smile at me,130,A Minor,2,4,5,2,8,4,6,9,-3
rises the moon,liana flores,"recently,",69,F Minor,0,1,8,0,9,2,7,5,-3
Everlong,Foo Fighters,The Colour and Shape,158,B Minor,0,4,7,7,8,2,8,4,-4
Running Up That Hill (A Deal With God),Kate Bush,Hounds Of Love,108,Bb Minor,5,3,8,4,6,2,6,5,-4
Everything Stays (feat. Olivia Olson),Adventure Time,Single,85,G Major,0,5,6,0,8,6,6,3,-4
Afterthought,Joji,Nectar,84,C# Major,0,4,7,0,10,3,6,7,-4
ouch,Bring Me The Horizon,amo,160,D Minor,4,3,2,5,6,1,2,1,-5
Need 2,Pinegrove,Everything So Far,77,C# Minor,0,2,8,3,8,2,5,2,-5
Like You Do,Joji,Nectar,66,Bb Major,0,1,8,1,9,7,8,8,-5
Down the Line (Vocal),Jose Gonzalez,In Our Nature,148,D Minor,5,3,8,6,5,1,6,5,-6
I'm Low On Gas And You Need A Jacket,Pierce The Veil,Collide With The Sky,126,D Major,4,5,7,4,7,2,6,4,-6
Ghostin',Wesley Joseph,Single,117,C Major,1,3,7,4,7,3,4,2,-6
Vehicle Dissolve,Provoker,Body Jumper,150,E Major,2,4,7,3,9,4,5,1,-6
Eleanor,flipturn,Eleanor,133,G Major,1,4,8,3,7,6,6,5,-6
Dark Red,Steve Lacy,Dark Red,86,F# Major,2,3,5,3,9,6,6,8,-6
Diamonds and Why Men Buy Them,Pierce The Veil,A Flair For The Dramatic,180,B Minor,3,3,7,8,6,2,5,2,-7
CURSED,WesGhost,Single,170,Ab Major,6,3,6,7,7,5,3,2,-7
NIGHT RIDER,Joji,SMITHEREENS,170,Ab Major,2,2,9,6,8,4,6,8,-7
So Far So Fake,Pierce The Veil,Jaws Of Life,125,D Minor,1,4,4,3,6,2,5,3,-7
Couch,Dexter and the Moonrocks,Couch,110,G Major,1,3,7,3,8,4,5,5,-7
Warm Body,Molly Payton,Porcupine,80,D Major,1,2,6,0,9,2,7,2,-7
"Hell, Yeah",Nothing But Thieves,Broken Machines,115,E Major,2,1,7,0,8,0,7,5,-7
"New Person, Same Old Mistakes",Tame Impala,Currents,76,Ab Major,4,3,4,3,7,8,4,1,-8
Lua,Bright Eyes,"I'm Wide Awake, It's Morning",105,D Major,0,3,8,2,9,0,7,5,-8
Gilded Lily,Cults,Offering,62,B Minor,4,3,7,2,8,0,5,7,-8
Routine,Daisy The Great,All You Need Is Time,81,G Major,2,1,6,1,7,6,5,3,-8
CHIHIRO,Billie Eilish,HIT ME HARD AND SOFT,110,G Major,2,2,6,6,7,3,5,3,-9
Deathbeds,Bring Me The Horizon,Sempiternal,80,E Minor,5,3,8,4,7,1,6,10,-9
Jubilee Line,Wilbur,Your City Gave Me Asthma,75,D Major,6,2,7,3,7,0,9,3,-9
Cringe,Matt Maeson,Cringe,126,F Major,1,3,6,2,7,2,6,5,-9
Reanimator (feat. Yves Tumor),Joji,Nectar,121,Bb Minor,3,2,8,4,5,7,3,4,-10
Heart on My Sleeve - Ghostwriter,AI,Single,136,Ab Major,3,4,6,4,7,7,6,0,-10
Solo Dolo (Nightmare),Kid Cudi,Man On The Moon,79,G Minor,2,4,8,3,7,1,7,2,-10
Count to Five,Bedroom,Count To Five,79,B Major,0,2,7,2,7,0,6,3,-10
Taurus,River Tiber,Dreaming Eyes,87,Ab Minor,0,0,7,0,8,1,3,3,-10
Missed Calls,Mac Miller,Blue Slide Park,85,F Major,2,4,7,3,8,0,6,5,-11
Excuse Me,Nothing But Thieves,Nothing But Thieves,93,F Major,5,2,9,3,8,1,5,4,-11
Stay With Me,Sam Smith,In The Lonely Hour,84,C Major,1,1,7,2,8,5,7,6,-11
MODUS,Joji,Nectar,132,G Major,1,2,7,2,7,11,7,5,-11
How to Save a Life,The Fray,How To Save A Life,122,Bb Major,2,3,8,2,8,1,8,2,-11
Writer In The Dark,Lorde,Melodrama,72,G Major,4,2,8,0,7,4,7,8,-11
Murderer Of Blue Skies,Chris Cornell,Higher Truth,80,A Minor,3,4,6,6,6,1,6,1,-12
Heart-Shaped Box,Nirvana,In Utero,101,C# Major,5,2,7,2,8,1,8,7,-12
End of Beginning,Djo,DECIDE,80,D Major,1,3,7,2,7,3,5,4,-12
Bored,Billie Eilish,Single,120,G Major,2,2,5,2,8,7,6,8,-13
Pluto Projector,Rex Orange County,Pony,80,F Major,1,3,7,1,8,3,6,5,-13
Falling Asleep on a Stranger,Pierce The Veil,A Flair For The Dramatic,127,E Minor,1,3,8,3,8,2,7,5,-14
Ew,Joji,Nectar,114,G Minor,1,3,7,2,8,3,6,5,-14
Burgh Island,Ben Howard,Burgh Island,121,C Major,2,3,6,3,7,0,6,7,-15
Saline Solution,Wilbur,Your City Gave Me Asthma,107,A Minor,2,1,9,2,7,0,10,4,-15
Depression & Obsession,XXXTentacion,17,106,B Minor,2,0,6,0,7,0,7,2,-15
Currents Convulsive,Pierce The Veil,A Flair For The Dramatic,105,F# Minor,6,4,7,6,6,2,6,2,-16
Spanish Sahara,Foals,Total Life Forever,128,A Minor,0,1,9,5,6,1,6,0,-16
when the party's over,Billie Eilish,When We All Fall Asleep Where Do We Go?,83,E Major,0,2,7,3,8,1,7,8,-16
lovely,Billie Eilish,Single,115,E Minor,1,3,6,2,8,0,6,8,-16
Hallelujah,Rufus Wainwright,Shrek,73,A Minor,3,1,8,0,7,3,9,4,-16
Skinny Love,Bon Iver,"For Emma, Forever Ago",76,E Minor,3,4,7,5,5,1,6,4,-17
fae,autumnal,Single,79,C# Minor,6,4,7,5,7,2,8,4,-17
Creature Fear,Bon Iver,"For Emma, Forever Ago",64,D Major,3,3,7,5,6,0,6,6,-17
Window,Joji,In Tongues,157,C# Major,2,0,8,3,8,2,6,5,-17
Visions of Gideon,Sufjan Stevens,Call Me By Your Name,75,F Minor,0,0,7,3,7,0,4,5,-17
i apologize if you feel something,Bring Me The Horizon,amo,95,A Minor,4,2,5,3,7,0,5,5,-18
Home,Daughter,Wild Youth,104,G Minor,3,0,8,3,8,2,7,7,-18
La Jolla,Wilbur,Your City Gave Me Asthma,121,C Major,0,1,8,1,8,0,8,5,-18
Since I Saw Vienna,Wilbur,Your City Gave Me Asthma,88,C# Minor,0,1,9,2,8,0,8,5,-19
Fear of the Water,SYML,Hurt For Me,93,G Minor,0,0,8,1,7,2,6,5,-19
Memorial,Bring Me The Horizon,"There Is A Hell Believe Me I've Seen It, There Is A Heaven Let's Keep It A Secret",130,G Minor,0,5,6,0,8,3,0,2,-19
Black Flies,Ben Howard,Every Kingdom,132,Ab Major,0,1,6,4,8,0,7,7,-20
someday i'll get it,Alek Olsen,Single,103,Ab Major,0,2,5,2,8,0,6,4,-20
Melatonin 130,Wilbur,Mammalian Sighing Reflex,130,D Major,0,1,8,1,8,1,6,7,-20
Isolation,Daughter,Stereo Mind Game,95,B Major,0,0,9,1,6,0,7,4,-20
I'm Sorry Boris,Wilbur,Your City Gave Me Asthma,102,Eb Major,6,0,9,1,8,0,9,4,-20
Everybody Dies,Billie Eilish,Happier Than Ever,65,G Minor,0,0,6,1,4,1,6,6,-20
Where's My Love (Slowed),SYML,Single,89,A Minor,0,0,8,0,8,4,7,6,-20
"Think Of Me Once In A While, Take Care",Gavin Blakely,Agony,71,Eb Major,2,0,8,0,7,0,0,1,-20
Suicide Season,Bring Me The Horizon,Suicide Season,65,Ab Major,6,0,9,7,0,3,4,2,-21
Fly,Bloodwitch,Bloodwitch,122,G Major,5,4,9,6,7,1,6,7,-21
Gary,Speedy Ortiz,Major Arcana,108,B Major,4,3,8,2,8,2,7,2,-21
Run,Joji,Nectar,79,G Major,4,3,8,2,6,2,8,4,-23
One Day The Only Butterflies Left Will Be In Your Chest As You March Towards Your Death,Bring Me The Horizon,POST HUMAN: SURVIVAL HORROR,113,A Minor,4,2,5,2,7,1,5,2,-23
The Boy Who Could Fly,Pierce The Veil,Selfish Machines,105,E Minor,6,3,7,8,1,2,6,2,-24
credits song for my death,vivivivivivi,IN MY HEAD,140,F# Minor,3,0,9,6,4,0,0,0,-24
Chemical Kids and Mechanical Brides,Pierce The Veil,A Flair For The Dramatic,98,Bb Minor,4,3,8,6,1,2,10,5,-24
Don't Go,Bring Me The Horizon,"There Is A Hell Believe Me I've Seen It, There Is A Heaven Let's Keep It A Secret",130,C Minor,6,0,8,5,1,0,6,0,-24
Like Suicide,Soundgarden,Superunknown,95,G Major,5,0,9,0,6,0,10,6,-24
Dreams of William,Daughter,Music From Before The Storm,105,F Minor,6,0,8,4,7,1,8,1,-25
Your Sister Was Right,Wilbur,Your City Gave Me Asthma,84,D Major,6,1,7,3,7,1,7,1,-25
Winter,Daughter,If You Leave,119,F Minor,6,2,7,7,7,3,6,7,-26
I Don't Care If You're Contagious,Pierce The Veil,Selfish Machines,166,F# Minor,7,3,7,5,3,2,6,2,-26
Nostrand,Ratatat,Classics,170,C Minor,3,4,8,4,7,8,0,4,-26
fresh bruises,Bring Me The Horizon,amo,117,Eb Minor,5,2,5,4,7,5,3,3,-26
Black Hills,Gardens & Villa,Gardens & Villa,108,Bb Minor,2,3,7,3,8,6,4,4,-26
Mine / Yours,Wilbur,Mammalian Sighing Reflex,151,Ab Major,2,1,8,0,8,5,6,6,-26
Big Dater,Big Data,2,172,G Major,3,3,6,6,6,7,3,5,-27
i don't know what to say,Bring Me The Horizon,Amo,92,G Minor,5,4,8,5,4,2,6,4,-27
Alien Blues,Vundabar,Gawk,82,Eb Major,6,3,7,7,6,6,2,6,-28
G.O.M.D,J. Cole,2014 Forest Hills Drive,128,E Minor,4,4,7,3,8,3,6,0,-28
Tangled In The Great Escape,Pierce The Veil,Collide With The Sky,105,E Minor,5,3,8,5,6,1,7,1,-29
NUMB,XXXTentacion,?,160,B Minor,5,3,6,2,7,2,5,4,-29
Drella,Pierce The Veil,A Flair For The Dramatic,180,Bb Major,6,4,6,7,2,2,6,2,-30
Doomed,Bring Me The Horizon,That's The Spirit,147,F# Minor,6,1,9,7,6,2,6,3,-30
Blessed With A Curse,Bring Me The Horizon,"There Is A Hell Believe Me I've Seen It, There Is A Heaven Let's Keep It A Secret",130,G Minor,7,0,7,3,4,3,5,0,-30
September (We Got Fire),Sparky Deathcap,Tear Jerky,140,Ab Major,6,3,8,1,7,3,7,2,-30
Feel Better,Penelope Scott,Public Void,174,E Minor,7,2,6,7,6,3,6,3,-31
Man in the Box,Alice in Chains,Facelift,106,Ab Major,6,3,6,6,1,6,7,0,-31
Savior,Kendrick Lamar,Mr. Morale and the Big Steppers,125,Ab Minor,7,3,6,5,2,6,10,1,-31
Ludens,Bring Me The Horizon,POST HUMAN: SURVIVAL HORROR,99,Ab Major,6,4,5,5,5,3,6,2,-31
DRIVE OFF A BRIDGE,Jakey,ROMCOM,120,D Minor,7,3,8,4,1,5,10,2,-31
Run,Bring Me The Horizon,That's The Spirit,135,B Minor,4,2,7,5,6,2,6,6,-32
SURVIVAL HORROR,Jakey,ROMCOM,93,B Minor,7,3,8,4,7,4,8,4,-32
Rooster (2022 Remaster),Alice in Chains,Dirt,146,Eb Major,8,3,6,4,3,1,6,1,-32
Blasphemy,Bring Me The Horizon,That's The Spirit,77,Bb Minor,6,3,7,4,7,2,6,2,-32
Teardrops,Bring Me The Horizon,POST HUMAN: SURVIVAL HORROR,96,G Major,5,4,3,3,6,4,5,1,-32
Pink Maggit,Deftones,White Pony,90,Ab Major,7,4,4,5,7,4,4,7,-33
1x1,Bring Me The Horizon,POST HUMAN: SURVIVAL HORROR,82,C# Minor,6,3,4,5,6,2,6,1,-33
nihilist blues,Bring Me The Horizon,amo,134,E Minor,6,2,7,7,6,3,6,2,-34
Avalanche,Bring Me The Horizon,That's The Spirit,160,G Minor,4,2,8,6,7,2,3,2,-34
Ugliest,$uicideBoy$,Long Term Effects of SUFFERING,174,F Minor,7,1,1,5,6,4,5,1,-34
The First Punch,Pierce The Veil,Collide With The Sky,188,G Major,7,2,3,4,5,2,5,0,-34
One Hundred Sleepless Nights,Pierce The Veil,Collide With The Sky,123,Eb Minor,6,1,3,4,4,2,3,0,-34
Gold,Imagine Dragons,Smoke and Mirrors,82,A Minor,6,2,7,1,6,1,6,1,-34
Hell Above,Pierce The Veil,Collide With The Sky,130,F# Major,7,3,7,7,3,1,6,1,-35
THE DINER,Billie Eilish,HIT ME HARD AND SOFT,125,C# Major,6,4,3,6,3,4,4,1,-35
FAT HEAD,Jakey,ROMCOM,79,Ab Minor,7,1,10,6,5,2,10,6,-35
Antarctica,$uicideBoy$,Single,106,D Major,6,2,6,4,3,5,4,1,-35
Change (In the House of Flies),Deftones,White Pony,142,G Minor,8,2,8,3,8,2,7,8,-35
Mother I Sober,Kendrick Lamar,Mr. Morale and the Big Steppers,70,Ab Minor,6,0,10,0,1,0,3,0,-35
And the Snakes Start to Sing,Bring Me The Horizon,Sempiternal,82,C# Major,7,2,8,4,2,2,6,7,-36
Sleepwalking,Bring Me The Horizon,Sempiternal,149,D Minor,6,3,7,6,3,6,5,2,-37
It’s All So Incredibly Loud,Glass Animals,Dreamland,107,C# Minor,5,0,8,6,3,2,5,2,-37
She Knows,J. Cole,Born Sinner,118,C# Major,6,2,6,4,2,7,7,1,-37
Hospital for Souls,Bring Me The Horizon,Sempiternal,69,A Minor,8,0,9,8,0,6,7,3,-38
Chasing Rainbows,Bring Me The Horizon,Sempiternal,165,D Minor,7,2,9,7,3,5,6,3,-38
Happy Song,Bring Me The Horizon,That's The Spirit,86,F Major,7,4,4,6,4,4,6,2,-38
TV,Call Me Karizma,TO HELL WITH HOLLYWOOD,150,C Minor,6,2,2,8,2,6,6,1,-40
Dive In,Pierce The Veil,Misadventures,161,Eb Minor,6,3,7,5,5,3,7,2,-40
Circle With Me,Spiritbox,Eternal Blue,103,Ab Minor,6,3,4,3,6,2,2,1,-40
It Never Ends,Bring Me The Horizon,"There Is A Hell Believe Me I've Seen It, There Is A Heaven Let's Keep It A Secret",105,C Minor,7,0,6,7,2,1,4,1,-42
Haters Gonna Hate,"Chunk! No, Captain Chunk!",Pardon My French,130,Bb Major,7,3,1,7,3,3,3,1,-42
GOOD GRIEF,Cleopatrick,BUMMER,112,F# Major,7,3,2,7,5,7,4,2,-42
Black Tar Marathon,Done for Good,The Cycle,170,F# Minor,8,4,7,7,3,4,6,0,-42
Parasite Eve,Bring Me The Horizon,POST HUMAN: SURVIVAL HORROR,102,A Major,7,4,4,6,3,2,6,1,-43
Caraphernelia,Pierce The Veil,Selfish Machines,107,Eb Minor,8,3,3,6,2,1,5,1,-43
King For A Day,Pierce The Veil,Collide With The Sky,112,F# Major,8,2,7,8,3,5,6,1,-45
It Was Written in Blood,Bring Me The Horizon,Suicide Season,180,C# Major,7,2,3,7,1,1,3,1,-45
Anthem,Bring Me The Horizon,"There Is A Hell Believe Me I've Seen It, There Is A Heaven Let's Keep It A Secret",220,C Minor,7,2,0,7,2,2,5,1,-46
What You Need,Bring Me The Horizon,That's The Spirit,148,C# Minor,7,2,7,6,2,2,5,1,-46
No Love/No One,Gideon,No Love/No One,137,C# Major,8,2,1,4,0,7,0,0,-46
The Fox And The Wolf,Bring Me The Horizon,"There Is A Hell Believe Me I've Seen It, There Is A Heaven Let's Keep It A Secret",152,F Major,8,4,0,9,0,7,0,0,-47
True Friends,Bring Me The Horizon,That's The Spirit,160,G Major,8,4,6,7,2,2,4,0,-47
Limbo,Freddie Dredd,Freddie's Inferno,150,B Minor,8,4,1,6,7,7,6,0,-47
Football Season is Over,Bring Me The Horizon,Suicide Season,126,D Major,6,4,2,6,1,1,1,2,-47
Emotionless,Seether,Poison the Parish,110,C Major,7,2,7,3,2,1,7,2,-49
A Match Into Water,Pierce The Veil,Collide With The Sky,196,C# Major,7,3,7,7,3,3,6,2,-50
WHY JULY,Cleopatrick,BUMMER,88,Bb Minor,7,3,6,5,4,5,5,2,-50
Death Breath,Bring Me The Horizon,Suicide Season,204,D Major,8,4,4,5,2,1,3,1,-50
Alligator Blood,Bring Me The Horizon,"There Is A Hell Believe Me I've Seen It, There Is A Heaven Let's Keep It A Secret",102,F Major,8,1,2,6,0,0,3,0,-52
Eyeless,Bring Me The Horizon,Count Your Blessings,200,E Minor,9,2,0,9,0,7,0,0,-53
"No Need for Introductions, I've Read About Girls Like You on the Backs of Toilet Doors",Bring Me The Horizon,Suicide Season,244,C# Major,7,2,2,7,1,0,1,1,-53
Chelsea Smile,Bring Me The Horizon,Suicide Season,200,Bb Minor,9,4,6,6,1,6,4,1,-53
The House of Wolves,Bring Me The Horizon,Sempiternal,152,Ab Major,9,2,6,7,1,7,6,0,-54
Pain = BESTFRIEND,XXXTentacion,?,135,E Major,9,0,8,7,0,0,0,0,-54
.swvrm.,Dead Poet Society,Single,118,A Minor,9,0,3,10,0,8,8,3,-56
Orphan,Slipknot,We Are Not Your Kind,192,F Major,9,1,5,6,0,5,4,0,-56
Blacklist,Bring Me The Horizon,"There Is A Hell Believe Me I've Seen It, There Is A Heaven Let's Keep It A Secret",140,G Major,10,0,0,3,2,0,5,0,-60
강남스타일 (Gangnam Style),PSY,Single,132,B Minor,,,,,,,,,
would've been you,sombr,Single,80,C# Major,,,,,,,,,
Wings,Mac Miller,Swimming,119,Ab Major,,,,,,,,,
Whiplash,Hank Levy,Whiplash,107,F Major,,,,,,,,,
Whip A Tesla,Yung Gravy,Single,85,A Minor,,,,,,,,,
Welcome Home (Sanitarium) (Remastered),Metallica,Master of Puppets,98,C Major,,,,,,,,,
Way Out There,Lord Huron,Strange Trails,127,B Minor,,,,,,,,,
Wake Up,Kowloon,Single,105,F Minor,,,,,,,,,
Vroom,Hoodie Allen,Single,126,C# Minor,,,,,,,,,
VOID,Melanie Martinez,Void,100,A Major,,,,,,,,,
Uto,Dead Poet Society,FISSION,87,A Major,,,,,,,,,
United In Grief,Kendrick Lamar,Mr. Morale and the Big Steppers,86,Ab Major,,,,,,,,,
Trapdoor,Twenty One Pilots,Twenty One Pilots,75,C# Minor,,,,,,,,,
touch tank,Quinnie,Single,102,E Major,,,,,,,,,
this is what heartbreak feels like,JVKE,Single,110,C# Major,,,,,,,,,
theres still us,Swell,theres still us,125,F Minor,,,,,,,,,
The Run and Go,Twenty One Pilots,Vessel,92,Bb Minor,,,,,,,,,
The Killers-Enterlude and Exitlude,The Killers,Single,135,B Major,,,,,,,,,
tell me a joke,Quadeca,tell me a joke,87,F Major,,,,,,,,,
Tal Bachman - She's So High (Official Video),Tal Bachman,Single,124,A Major,,,,,,,,,
Take You Down,Daniel Pemberton,Single,103,E Major,,,,,,,,,
Stay,Rihanna,Unapologetic,112,A Minor,,,,,,,,,
So My Darling (Acoustic),Rachel Chinouriri,Single,138,A Major,,,,,,,,,
Smooth Operator,Sade,Single,119,A Minor,,,,,,,,,
Searchin,Sonder,Into,104,Bb Minor,,,,,,,,,
sdp interlude,Travis Scott,Single,108,C Minor,,,,,,,,,
Scott Mescudi Vs. The World,Kid Cudi,Man On The Moon II,109,B Minor,,,,,,,,,
Same Old Love,Selena Gomez,Revival,98,B Minor,,,,,,,,,
Rosemary,Deftones,Koi No Yokan,127,F Major,,,,,,,,,
Righteous (SLOW & REVERB),Mo Beats,Single,75,Bb Minor,,,,,,,,,
Right Now,Korn,Take A Look In The Mirror,103,B Minor,,,,,,,,,
Rich Spirit,Kendrick Lamar,Mr. Morale and the Big Steppers,96,Bb Minor,,,,,,,,,
Psalms 23,Shifty,Single,79,D Major,,,,,,,,,
Overcome,Skott,Single,120,C Minor,,,,,,,,,
oops!,Yung Gravy,Gasanova,132,F# Minor,,,,,,,,,
Ok Then,Matt Watson,SEE YOU THERE,144,F Minor,,,,,,,,,
Obstacle 1,Interpol,Turn On The Bright Lights,121,F Major,,,,,,,,,
Objects in the Mirror,Mac Miller,Watching Movies with the Sound Off,77,C# Major,,,,,,,,,
Nothing's New,Rio Romeo,Good God!,96,B Major,,,,,,,,,
Not Allowed,TV Girl,Who Really Cares,105,C# Major,,,,,,,,,
Nikes on My Feet,Mac Miller,K.I.D.S,92,A Minor,,,,,,,,,
Mt. Washington,Local Natives,Hummingbird,77,F# Minor,,,,,,,,,
Mona Lisa (Spider-Man: Across the Spider-Verse),Dominic Fike,Sunburn,111,C# Major,,,,,,,,,
Misery,Maroon 5,Hands All Over,103,E Minor,,,,,,,,,
Mirrors,Justin Timberlake,The 20/20 Experience,77,F Minor,,,,,,,,,
Ladders,Mac Miller,Swimming,104,Ab Major,,,,,,,,,
Kiss U Right Now,DUCKWRTH,SuperGood,98,G Major,,,,,,,,,
Kanye West - I Thought About Killing You ( No Switch Full Version),Kanye West,Single,116,D Major,,,,,,,,,
Jump the Turnstile,TV Girl,Summer's Over,80,C Minor,,,,,,,,,
I'm So Sick,Flyleaf,Flyleaf,154,Bb Major,,,,,,,,,
I Will Be Back One Day,Lord Huron,Lonesome Dream,124,A Major,,,,,,,,,
i was all over her,salvia palth,melanchole,105,G Major,,,,,,,,,
I Wanted to Leave,SYML,You Knew It Was Me,85,Ab Major,,,,,,,,,
I WANNA BE,Lil Darkie,Single,110,G Major,,,,,,,,,
i,Kendrick Lamar,Single,120,Ab Major,,,,,,,,,
How You Remind Me,Nickelback,Silver Side Up,86,Bb Major,,,,,,,,,
Goodie Bag,Still Woozy,Goodie Bag,138,G Minor,,,,,,,,,
Ghost of Chicago,Noah Floersch,Ghost of Chicago,100,E Major,,,,,,,,,
G.O.A.T.,Polyphia,G.O.A.T.,107,B Minor,,,,,,,,,
Freak On a Leash,Korn,Follow The Leader,103,D Major,,,,,,,,,
Father Time,Kendrick Lamar,Mr. Morale and the Big Steppers,153,Bb Minor,,,,,,,,,
Fast Car,Tracy Chapman,Tracy Chapman,104,E Minor,,,,,,,,,
Evergreen,Richy Mitch and the Coal Miners,RMCM,79,Eb Minor,,,,,,,,,
Ends of the Earth,Lord Huron,Lonesome Dream,121,E Major,,,,,,,,,
EARFQUAKE,"Tyler, The Creator",IGOR,80,A Major,,,,,,,,,
Dust In Your Pocket,Glass Animals,Leaflings,120,A Minor,,,,,,,,,
Drones,grandson,Single,126,Bb Minor,,,,,,,,,
Dirty Paws,Of Monsters And Men,My Head Is An Animal,112,Eb Major,,,,,,,,,
Destruction,Joywave,How Do You Feel Now?,108,C Major,,,,,,,,,
Death of a Strawberry,Dance Gavin Dance,Instant Gratification,125,E Major,,,,,,,,,
Dark Visions,The Amazons,Future Dust,138,C Major,,,,,,,,,
"Dance, Dance",Fall Out Boy,From Under The Cork,114,B Minor,,,,,,,,,
Dance Of The Clairvoyants,Pearl Jam,Gigaton,114,B Minor,,,,,,,,,
Cryptic Captions,Hippie Sabotage,Floating Palace,132,D Minor,,,,,,,,,
Crazy On You,Heart,Single,130,A Minor,,,,,,,,,
Chamber of Reflection (Live Cover),Your Anxiety Buddy,Single,,,,,,,,,,,
C’est La Vie,Yung Gravy,Marvelous,142,A Major,,,,,,,,,
Bloodbath (feat. Chino Moreno),Polyphia,Remember That You Will Die,117,E Minor,,,,,,,,,
Blame Game,Kanye West,My Beautiful Dark Twisted Fantasy,80,Bb Minor,,,,,,,,,
Bad Habits,No Resolve,Single,126,B Minor,,,,,,,,,
Back to School (Mini Maggit),Deftones,White Pony,85,Ab Major,,,,,,,,,
As the World Caves In,Matt Maltese,Single,124,Bb Major,,,,,,,,,
Aquarium,Matt Watson,SEE YOU THERE,120,C# Major,,,,,,,,,
Ant Pile,Dominic Fike,Sunburn,125,C Major,,,,,,,,,
Another Love,Tom Odell,Songs From Another Love,123,E Minor,,,,,,,,,
All That,Oliver Tree,Single,135,C# Major,,,,,,,,,
